"Group","Workspace","Invoice","Client","Amount (Rp)","Bank date (reference)","Ledger date now","Gap (days)","Problem","Proposed change","Staff check (OK / NOT OK)","Staff note"
"A. Wrong month in bank reference","Prof Toko Online","PRO/07/2600022","Meatbank.id","4200000","2026-01-01","2026-09-30","272","Bank reference says January, but the money came in August (Jago ""Agt"" bug)","Reference date 2026-01-01 -> 2026-08-01; ledger lines -> 2026-08-01","",""
"A. Wrong month in bank reference","Prof Toko Online","PRO/08/2600024","Tirta Warna Jaya","3500000","2026-01-04","2026-09-30","269","Bank reference says January, but the money came in August (Jago ""Agt"" bug)","Reference date 2026-01-04 -> 2026-08-04; ledger lines -> 2026-08-04","",""
"B. Ledger dated 30 Sep instead of bank date","Prof Toko Online","2600006","Emkey.Clothing","3500000","2026-02-10","2026-09-30","232","Ledger booked on 30 Sep (the day it was matched), not the day the money reached the bank","Ledger lines -> 2026-02-10","",""
"B. Ledger dated 30 Sep instead of bank date","Prof Toko Online","2600005","Kanako.Kids","3500000","2026-02-13","2026-09-30","229","Ledger booked on 30 Sep (the day it was matched), not the day the money reached the bank","Ledger lines -> 2026-02-13","",""
"B. Ledger dated 30 Sep instead of bank date","Prof Toko Online","2600012","Rotoplas Mitra Kreasindo","767000","2026-02-19","2026-09-30","223","Ledger booked on 30 Sep (the day it was matched), not the day the money reached the bank","Ledger lines -> 2026-02-19","",""
"B. Ledger dated 30 Sep instead of bank date","Prof Toko Online","2600008","Meatbank.id","2500000","2026-02-19","2026-09-30","223","Ledger booked on 30 Sep (the day it was matched), not the day the money reached the bank","Ledger lines -> 2026-02-19","",""
"B. Ledger dated 30 Sep instead of bank date","Prof Toko Online","2600010","Houroffer","2500000","2026-02-24","2026-09-30","218","Ledger booked on 30 Sep (the day it was matched), not the day the money reached the bank","Ledger lines -> 2026-02-24","",""
"B. Ledger dated 30 Sep instead of bank date","Prof Toko Online","2600010-3","Tarsla","2500000","2026-02-24","2026-09-30","218","Ledger booked on 30 Sep (the day it was matched), not the day the money reached the bank","Ledger lines -> 2026-02-24","",""
"B. Ledger dated 30 Sep instead of bank date","Prof Toko Online","2600010-2","Reoandhome","2500000","2026-02-24","2026-09-30","218","Ledger booked on 30 Sep (the day it was matched), not the day the money reached the bank","Ledger lines -> 2026-02-24","",""
"B. Ledger dated 30 Sep instead of bank date","Prof Toko Online","2600001","Dolse Sandal","1200000","2026-03-06","2026-09-30","208","Ledger booked on 30 Sep (the day it was matched), not the day the money reached the bank","Ledger lines -> 2026-03-06","",""
"B. Ledger dated 30 Sep instead of bank date","Prof Toko Online","2600014","Dolse Sandal","233000","2026-03-06","2026-09-30","208","Ledger booked on 30 Sep (the day it was matched), not the day the money reached the bank","Ledger lines -> 2026-03-06","",""
"B. Ledger dated 30 Sep instead of bank date","Prof Toko Online","2600002","Coffee Book","350000","2026-03-09","2026-09-30","205","Ledger booked on 30 Sep (the day it was matched), not the day the money reached the bank","Ledger lines -> 2026-03-09","",""
"B. Ledger dated 30 Sep instead of bank date","Prof Toko Online","2600003","Rammona","300000","2026-03-28","2026-09-30","186","Ledger booked on 30 Sep (the day it was matched), not the day the money reached the bank","Ledger lines -> 2026-03-28","",""
"B. Ledger dated 30 Sep instead of bank date","Prof Toko Online","PRO/04/2600009","STAYSLAY","1700000","2026-04-21","2026-09-30","162","Ledger booked on 30 Sep (the day it was matched), not the day the money reached the bank","Ledger lines -> 2026-04-21","",""
"B. Ledger dated 30 Sep instead of bank date","Prof Toko Online","PRO/04/2600010","Meatbank.id","2500000","2026-04-23","2026-09-30","160","Ledger booked on 30 Sep (the day it was matched), not the day the money reached the bank","Ledger lines -> 2026-04-23","",""
"B. Ledger dated 30 Sep instead of bank date","Prof Toko Online","PRO/04/2600004","LOZ","4000000","2026-04-24","2026-09-30","159","Ledger booked on 30 Sep (the day it was matched), not the day the money reached the bank","Ledger lines -> 2026-04-24","",""
"B. Ledger dated 30 Sep instead of bank date","Prof Toko Online","PRO/04/2600004-4","Pawon.Nita","2500000","2026-04-24","2026-09-30","159","Ledger booked on 30 Sep (the day it was matched), not the day the money reached the bank","Ledger lines -> 2026-04-24","",""
"B. Ledger dated 30 Sep instead of bank date","Prof Toko Online","PRO/04/2600004-3","Gudang Lunch Box","2500000","2026-04-24","2026-09-30","159","Ledger booked on 30 Sep (the day it was matched), not the day the money reached the bank","Ledger lines -> 2026-04-24","",""
"B. Ledger dated 30 Sep instead of bank date","Prof Toko Online","PRO/04/2600004-2","Kidz Mom","2500000","2026-04-24","2026-09-30","159","Ledger booked on 30 Sep (the day it was matched), not the day the money reached the bank","Ledger lines -> 2026-04-24","",""
"B. Ledger dated 30 Sep instead of bank date","Prof Toko Online","PRO/05/2600014","Coating Solution","3500000","2026-05-07","2026-09-30","146","Ledger booked on 30 Sep (the day it was matched), not the day the money reached the bank","Ledger lines -> 2026-05-07","",""
"B. Ledger dated 30 Sep instead of bank date","Prof Toko Online","PRO/05/2600017","BNC Elektronik","5000000","2026-05-07","2026-09-30","146","Ledger booked on 30 Sep (the day it was matched), not the day the money reached the bank","Ledger lines -> 2026-05-07","",""
"B. Ledger dated 30 Sep instead of bank date","Prof Toko Online","PRO/03/2600003","Kaya Sukses Bahagia","2500000","2026-05-09","2026-09-30","144","Ledger booked on 30 Sep (the day it was matched), not the day the money reached the bank","Ledger lines -> 2026-05-09","",""
"B. Ledger dated 30 Sep instead of bank date","Prof Toko Online","PRO/04/2600011","Chill Sleepy Studio","3500000","2026-05-11","2026-09-30","142","Ledger booked on 30 Sep (the day it was matched), not the day the money reached the bank","Ledger lines -> 2026-05-11","",""
"B. Ledger dated 30 Sep instead of bank date","Prof Toko Online","PRO/04/2600012","ABC Elektronik 123","6000000","2026-05-12","2026-09-30","141","Ledger booked on 30 Sep (the day it was matched), not the day the money reached the bank","Ledger lines -> 2026-05-12","",""
"B. Ledger dated 30 Sep instead of bank date","Prof Toko Online","PRO/05/2600015","Coffee Book","350000","2026-05-13","2026-09-30","140","Ledger booked on 30 Sep (the day it was matched), not the day the money reached the bank","Ledger lines -> 2026-05-13","",""
"B. Ledger dated 30 Sep instead of bank date","Prof Toko Online","PRO/05/2600018","Celestia Watch","5000000","2026-05-25","2026-09-30","128","Ledger booked on 30 Sep (the day it was matched), not the day the money reached the bank","Ledger lines -> 2026-05-25","",""
"B. Ledger dated 30 Sep instead of bank date","Prof Toko Online","PRO/06/2600019-2","Rumah Pipa Surabaya","2500000","2026-06-06","2026-09-30","116","Ledger booked on 30 Sep (the day it was matched), not the day the money reached the bank","Ledger lines -> 2026-06-06","",""
"B. Ledger dated 30 Sep instead of bank date","Prof Toko Online","PRO/04/2600008","SIA Coffee","3445750","2026-06-06","2026-09-30","116","Ledger booked on 30 Sep (the day it was matched), not the day the money reached the bank","Ledger lines -> 2026-06-06","",""
"B. Ledger dated 30 Sep instead of bank date","Prof Toko Online","PRO/06/2600019","Timur Indah Hardware","2500000","2026-06-06","2026-09-30","116","Ledger booked on 30 Sep (the day it was matched), not the day the money reached the bank","Ledger lines -> 2026-06-06","",""
"B. Ledger dated 30 Sep instead of bank date","Prof Toko Online","PRO/05/2600016","Studio Blair","3000000","2026-06-10","2026-09-30","112","Ledger booked on 30 Sep (the day it was matched), not the day the money reached the bank","Ledger lines -> 2026-06-10","",""
"B. Ledger dated 30 Sep instead of bank date","Prof Toko Online","PRO/07/2600021","Lumbung Rawit","4500000","2026-07-30","2026-09-30","62","Ledger booked on 30 Sep (the day it was matched), not the day the money reached the bank","Ledger lines -> 2026-07-30","",""
"B. Ledger dated 30 Sep instead of bank date","Prof Toko Online","PRO/07/2600023","Meatbank.id Bandung","1050000","2026-07-31","2026-09-30","61","Ledger booked on 30 Sep (the day it was matched), not the day the money reached the bank","Ledger lines -> 2026-07-31","",""
"B. Ledger dated 30 Sep instead of bank date","PT Pintu Langit Inovasi Global","INV-2026-149","Lofree","1470000","2026-01-28","2026-09-30","245","Ledger booked on 30 Sep (the day it was matched), not the day the money reached the bank","Ledger lines -> 2026-01-28","",""
"B. Ledger dated 30 Sep instead of bank date","PT Pintu Langit Inovasi Global","INV-2026-163","Lofree","1472972.97","2026-02-10","2026-09-30","232","Ledger booked on 30 Sep (the day it was matched), not the day the money reached the bank","Ledger lines -> 2026-02-10","",""
"B. Ledger dated 30 Sep instead of bank date","PT Pintu Langit Inovasi Global","2600015","Setia Mandiri Elektronik","235676","2026-02-24","2026-09-30","218","Ledger booked on 30 Sep (the day it was matched), not the day the money reached the bank","Ledger lines -> 2026-02-24","",""
"C. Ledger dated on an older match day","New Wave Live Specialist","INV-2025-888-COPY-805","Sound Nature","62125000","2026-02-21","2026-08-21 / 2026-08-24","181","Ledger booked on 2026-08-21 / 2026-08-24 (match day), not the bank date","Ledger lines -> 2026-02-21","",""
"C. Ledger dated on an older match day","New Wave Live Specialist","INV-2026-657","Saboen Natural","1500000","2026-02-24","2026-08-24","181","Ledger booked on 2026-08-24 (match day), not the bank date","Ledger lines -> 2026-02-24","",""
"C. Ledger dated on an older match day","New Wave Live Specialist","INV-2026-132","Boomboo","1500000","2026-02-24","2026-08-24","181","Ledger booked on 2026-08-24 (match day), not the bank date","Ledger lines -> 2026-02-24","",""
"C. Ledger dated on an older match day","New Wave Live Specialist","INV-2026-278","Boomboo","1500000","2026-02-24","2026-08-24","181","Ledger booked on 2026-08-24 (match day), not the bank date","Ledger lines -> 2026-02-24","",""
"C. Ledger dated on an older match day","New Wave Live Specialist","INV-2026-975","British Bulldog Fashion","1500000","2026-03-09","2026-08-24","168","Ledger booked on 2026-08-24 (match day), not the bank date","Ledger lines -> 2026-03-09","",""
"C. Ledger dated on an older match day","New Wave Live Specialist","INV-2026-747","Palma Gula Aren","1750000","2026-03-12","2026-08-24","165","Ledger booked on 2026-08-24 (match day), not the bank date","Ledger lines -> 2026-03-12","",""
"C. Ledger dated on an older match day","New Wave Live Specialist","INV-2026-956","British Bulldog Fashion","1750000","2026-04-07","2026-08-24","139","Ledger booked on 2026-08-24 (match day), not the bank date","Ledger lines -> 2026-04-07","",""
"C. Ledger dated on an older match day","New Wave Live Specialist","INV-2026-763","British Bulldog Fashion","3750000","2026-05-08","2026-08-24","108","Ledger booked on 2026-08-24 (match day), not the bank date","Ledger lines -> 2026-05-08","",""
"C. Ledger dated on an older match day","PT Pintu Langit Inovasi Global","INV-2026-296","Lofree","1907500","2026-04-13","2026-04-13 / 2026-08-24","0","Ledger booked on 2026-04-13 / 2026-08-24 (match day), not the bank date","Ledger lines -> 2026-04-13","",""
"C. Ledger dated on an older match day","PT Pintu Langit Inovasi Global","INV-2026-606","Niko Electronic","4087500","2026-05-11","2026-08-24","105","Ledger booked on 2026-08-24 (match day), not the bank date","Ledger lines -> 2026-05-11","",""
"D. Reconciled but no ledger lines","New Wave Live Specialist","INV-2026-943","Boomboo","1500000","2026-02-09","","","Marked reconciled, but no ledger lines are linked to it","Staff: open the invoice and check the payment is in the ledger","",""
"D. Reconciled but no ledger lines","New Wave Live Specialist","INV-2026-949","Blank Indonesia","1500000","2026-02-13","","","Marked reconciled, but no ledger lines are linked to it","Staff: open the invoice and check the payment is in the ledger","",""
"D. Reconciled but no ledger lines","New Wave Live Specialist","INV-2026-675","Saboen Natural","1500000","2026-02-13","","","Marked reconciled, but no ledger lines are linked to it","Staff: open the invoice and check the payment is in the ledger","",""
"D. Reconciled but no ledger lines","PT Pintu Langit Inovasi Global","2600011","Rotoplas Mitra Kreasindo","638288","2026-02-19","","","Marked reconciled, but no ledger lines are linked to it","Staff: open the invoice and check the payment is in the ledger","",""
"D. Reconciled but no ledger lines","PT Pintu Langit Inovasi Global","2600013","Rotoplas Mitra Kreasindo","2454954","2026-02-19","","","Marked reconciled, but no ledger lines are linked to it","Staff: open the invoice and check the payment is in the ledger","",""
"D. Reconciled but no ledger lines","PT Pintu Langit Inovasi Global","2600009","Nuphy","2454954","2026-02-21","","","Marked reconciled, but no ledger lines are linked to it","Staff: open the invoice and check the payment is in the ledger","",""
"D. Reconciled but no ledger lines","PT Pintu Langit Inovasi Global","2600007","Union Apotek","2945945","2026-02-25","","","Marked reconciled, but no ledger lines are linked to it","Staff: open the invoice and check the payment is in the ledger","",""
"D. Reconciled but no ledger lines","PT Pintu Langit Inovasi Global","2600016","SAJUN ELEKTRONIK","8837837","2026-03-10","","","Marked reconciled, but no ledger lines are linked to it","Staff: open the invoice and check the payment is in the ledger","",""
"D. Reconciled but no ledger lines","PT Pintu Langit Inovasi Global","2600001","British Bulldog Fashion","2454954","2026-03-11","","","Marked reconciled, but no ledger lines are linked to it","Staff: open the invoice and check the payment is in the ledger","",""
"D. Reconciled but no ledger lines","PT Pintu Langit Inovasi Global","2600004","One Stop Elektronik","8837837","2026-03-30","","","Marked reconciled, but no ledger lines are linked to it","Staff: open the invoice and check the payment is in the ledger","",""
"D. Reconciled but no ledger lines","PT Pintu Langit Inovasi Global","2600005","Terbaiktronics","11783783","2026-03-31","","","Marked reconciled, but no ledger lines are linked to it","Staff: open the invoice and check the payment is in the ledger","",""
"D. Reconciled but no ledger lines","PT Pintu Langit Inovasi Global","2600012-2","Mainan Mobil Aki Jakarta","3436936","2026-04-21","","","Marked reconciled, but no ledger lines are linked to it","Staff: open the invoice and check the payment is in the ledger","",""
"D. Reconciled but no ledger lines","PT Pintu Langit Inovasi Global","2600012","Mobil Aki 88","3436936","2026-04-21","","","Marked reconciled, but no ledger lines are linked to it","Staff: open the invoice and check the payment is in the ledger","",""